epoch,train_loss,test_loss,accuracy
1,1.3374752182027567,0.9864827819690583,0.6492
